<?xml version="1.0" encoding="UTF-8"?>
<project-private xmlns="http://www.netbeans.org/ns/project-private/1">
    <editor-bookmarks xmlns="http://www.netbeans.org/ns/editor-bookmarks/2" lastBookmarkId="0"/>
    <open-files xmlns="http://www.netbeans.org/ns/projectui-open-files/2">
        <group>
            <file>file:/Users/sofiafernandezmoreno/Desktop/UNIVERSIDAD/2º/2º%20Cuatrimestre/FIS/Gente/FIS%20Elena/FIS%20Antonio/practicas/practica%205/decine_java/src/decine/DeCine.java</file>
            <file>file:/Users/sofiafernandezmoreno/Desktop/UNIVERSIDAD/2º/2º%20Cuatrimestre/FIS/Gente/FIS%20Elena/FIS%20Antonio/practicas/practica%205/decine_java/src/decine/FestivalPremio.java</file>
            <file>file:/Users/sofiafernandezmoreno/Desktop/UNIVERSIDAD/2º/2º%20Cuatrimestre/FIS/Gente/FIS%20Elena/FIS%20Antonio/practicas/practica%205/decine_java/src/decine/Director.java</file>
            <file>file:/Users/sofiafernandezmoreno/Desktop/UNIVERSIDAD/2º/2º%20Cuatrimestre/FIS/Gente/FIS%20Elena/FIS%20Antonio/practicas/practica%205/decine_java/src/decine/Critica.java</file>
            <file>file:/Users/sofiafernandezmoreno/Desktop/UNIVERSIDAD/2º/2º%20Cuatrimestre/FIS/Gente/FIS%20Elena/FIS%20Antonio/practicas/practica%205/decine_java/src/decine/Genero.java</file>
            <file>file:/Users/sofiafernandezmoreno/Desktop/UNIVERSIDAD/2º/2º%20Cuatrimestre/FIS/Gente/FIS%20Elena/FIS%20Antonio/practicas/practica%205/decine_java/src/decine/Pelicula.java</file>
        </group>
    </open-files>
</project-private>
